{"cameraMode":{"drawMode":0,"name":"Shaded","section":"Shading Mode"},"sceneLighting":false,"audioPlay":false,"sceneViewState":{"m_AlwaysRefresh":false,"showFog":true,"showSkybox":false,"showFlares":true,"showImageEffects":true,"showParticleSystems":true,"showVisualEffectGraphs":true,"m_FxEnabled":true},"in2DMode":false,"pivot":{"x":-1.7329561710357667,"y":0.0010709762573242188,"z":-1.462707281112671},"rotation":{"x":0.13904547691345216,"y":-0.00594168109819293,"z":0.0008342853398062289,"w":0.9902681112289429},"size":1.9856816530227662,"orthographic":false}